asset,category,triangles,budget,dimensions_m,material,qa_pass
Tree_Oak_01,Trees,414,1200,2.54 x 1.961 x 4.634,M_ForestPalette,True
Tree_Oak_02,Trees,382,1200,2.832 x 2.895 x 5.793,M_ForestPalette,True
Tree_Oak_03,Trees,466,1200,4.041 x 3.357 x 6.952,M_ForestPalette,True
Tree_Oak_04,Trees,416,1200,3.351 x 2.144 x 5.33,M_ForestPalette,True
Tree_Pine_01,Trees,154,1200,2.095 x 2.127 x 6.0,M_ForestPalette,True
Tree_Pine_02,Trees,154,1200,2.619 x 2.659 x 7.5,M_ForestPalette,True
Tree_Pine_03,Trees,154,1200,3.142 x 3.191 x 9.2,M_ForestPalette,True
Tree_Pine_04,Trees,154,1200,2.409 x 2.446 x 5.0,M_ForestPalette,True
Tree_Birch_01,Trees,264,1200,1.504 x 1.24 x 5.107,M_ForestPalette,True
Tree_Birch_02,Trees,238,1200,1.932 x 1.572 x 6.638,M_ForestPalette,True
Tree_Birch_03,Trees,242,1200,2.354 x 1.937 x 7.762,M_ForestPalette,True
Tree_Birch_04,Trees,248,1200,1.945 x 1.448 x 4.397,M_ForestPalette,True
Tree_Dead_01,Trees,300,1200,1.941 x 1.199 x 4.022,M_ForestPalette,True
Tree_Dead_02,Trees,304,1200,2.424 x 1.499 x 5.32,M_ForestPalette,True
Tree_Dead_03,Trees,296,1200,2.907 x 1.799 x 6.818,M_ForestPalette,True
Tree_Dead_04,Trees,306,1200,2.231 x 1.379 x 3.726,M_ForestPalette,True
Tree_Sapling_01,Trees,146,1200,1.008 x 0.853 x 3.093,M_ForestPalette,True
Tree_Sapling_02,Trees,146,1200,1.268 x 1.081 x 3.71,M_ForestPalette,True
Tree_Sapling_03,Trees,146,1200,1.556 x 1.331 x 4.122,M_ForestPalette,True
Tree_Sapling_04,Trees,146,1200,1.212 x 0.995 x 3.402,M_ForestPalette,True
Tree_Stump_01,Trees,120,300,1.006 x 1.006 x 0.45,M_ForestPalette,True
Tree_Stump_02,Trees,122,300,1.31 x 1.31 x 0.65,M_ForestPalette,True
Tree_Stump_03,Trees,114,300,1.553 x 1.553 x 0.72,M_ForestPalette,True
Tree_Stump_04,Trees,112,300,0.885 x 0.885 x 0.35,M_ForestPalette,True
Log_Whole_01,Fallen_Wood,52,300,2.4 x 0.752 x 0.52,M_ForestPalette,True
Log_Whole_02,Fallen_Wood,50,300,3.2 x 0.792 x 0.6,M_ForestPalette,True
Log_Whole_03,Fallen_Wood,50,300,1.8 x 0.832 x 0.68,M_ForestPalette,True
Log_Broken_01,Fallen_Wood,50,300,2.529 x 0.752 x 0.52,M_ForestPalette,True
Log_Broken_02,Fallen_Wood,50,300,3.293 x 0.792 x 0.6,M_ForestPalette,True
Log_Broken_03,Fallen_Wood,50,300,1.833 x 0.832 x 0.68,M_ForestPalette,True
Log_Hollow_01,Fallen_Wood,64,300,2.4 x 0.52 x 0.52,M_ForestPalette,True
Log_Hollow_02,Fallen_Wood,64,300,3.2 x 0.6 x 0.6,M_ForestPalette,True
Log_Hollow_03,Fallen_Wood,64,300,1.8 x 0.68 x 0.68,M_ForestPalette,True
Log_Mossy_01,Fallen_Wood,52,300,2.4 x 0.752 x 0.52,M_ForestPalette,True
Log_Mossy_02,Fallen_Wood,50,300,3.2 x 0.792 x 0.6,M_ForestPalette,True
Log_Mossy_03,Fallen_Wood,50,300,1.8 x 0.832 x 0.68,M_ForestPalette,True
Wood_Stick_01,Fallen_Wood,16,300,0.75 x 0.178 x 0.089,M_ForestPalette,True
Wood_Stick_02,Fallen_Wood,16,300,0.923 x 0.344 x 0.089,M_ForestPalette,True
Wood_Branch_01,Fallen_Wood,56,300,0.75 x 0.318 x 0.128,M_ForestPalette,True
Wood_Branch_02,Fallen_Wood,56,300,0.923 x 0.385 x 0.128,M_ForestPalette,True
Wood_Pile_01,Fallen_Wood,230,300,0.75 x 0.935 x 0.089,M_ForestPalette,True
Wood_Pile_02,Fallen_Wood,210,300,0.923 x 1.124 x 0.089,M_ForestPalette,True
Wood_Uprooted_01,Fallen_Wood,208,300,3.282 x 1.413 x 0.893,M_ForestPalette,True
Rock_Pebble_01,Rocks,42,150,0.267 x 0.225 x 0.192,M_ForestPalette,True
Rock_Pebble_02,Rocks,42,150,0.321 x 0.257 x 0.24,M_ForestPalette,True
Rock_Pebble_03,Rocks,42,150,0.364 x 0.309 x 0.283,M_ForestPalette,True
Rock_Medium_01,Rocks,42,400,0.864 x 0.691 x 0.672,M_ForestPalette,True
Rock_Medium_02,Rocks,42,400,1.038 x 0.789 x 0.84,M_ForestPalette,True
Rock_Medium_03,Rocks,42,400,1.179 x 0.949 x 0.991,M_ForestPalette,True
Rock_Boulder_01,Rocks,56,400,1.794 x 1.452 x 1.68,M_ForestPalette,True
Rock_Boulder_02,Rocks,56,400,2.153 x 1.755 x 2.1,M_ForestPalette,True
Rock_Boulder_03,Rocks,56,400,2.649 x 2.166 x 2.478,M_ForestPalette,True
Rock_Flat_01,Rocks,42,400,1.179 x 0.932 x 0.256,M_ForestPalette,True
Rock_Flat_02,Rocks,42,400,1.415 x 1.064 x 0.32,M_ForestPalette,True
Rock_Flat_03,Rocks,42,400,1.607 x 1.281 x 0.378,M_ForestPalette,True
Rock_Cluster_01,Rocks,186,400,1.321 x 0.621 x 0.528,M_ForestPalette,True
Rock_Cluster_02,Rocks,182,400,1.462 x 0.714 x 0.66,M_ForestPalette,True
Rock_Cluster_03,Rocks,178,400,1.559 x 0.819 x 0.779,M_ForestPalette,True
Rock_MossyMedium_02,Rocks,42,400,1.038 x 0.789 x 0.84,M_ForestPalette,True
Rock_MossyBoulder_02,Rocks,56,400,2.153 x 1.755 x 2.1,M_ForestPalette,True
Rock_MossyFlat_02,Rocks,42,400,1.415 x 1.064 x 0.32,M_ForestPalette,True
Rock_MossyCluster_02,Rocks,182,400,1.462 x 0.714 x 0.66,M_ForestPalette,True
Bush_Round_01,Plants,64,300,0.909 x 0.803 x 0.832,M_ForestPalette,True
Bush_Round_02,Plants,64,300,1.169 x 0.973 x 1.04,M_ForestPalette,True
Bush_Leafy_01,Plants,122,300,1.035 x 1.027 x 0.832,M_ForestPalette,True
Bush_Leafy_02,Plants,116,300,1.293 x 1.284 x 1.04,M_ForestPalette,True
Bush_Berry_01,Plants,110,300,0.909 x 0.803 x 0.832,M_ForestPalette,True
Bush_Berry_02,Plants,118,300,1.169 x 0.973 x 1.04,M_ForestPalette,True
Plant_Fern_01,Plants,228,300,0.737 x 0.686 x 0.505,M_ForestPalette,True
Plant_ShortGrass_01,Plants,112,300,0.651 x 0.368 x 0.371,M_ForestPalette,True
Plant_TallGrass_01,Plants,96,300,0.388 x 0.391 x 1.075,M_ForestPalette,True
Plant_Cattail_01,Plants,256,300,0.615 x 0.187 x 1.291,M_ForestPalette,True
Plant_Ivy_01,Plants,72,300,0.4 x 0.126 x 1.302,M_ForestPalette,True
Plant_Fern_02,Plants,228,300,0.866 x 0.807 x 0.592,M_ForestPalette,True
Plant_ShortGrass_02,Plants,112,300,0.506 x 0.457 x 0.344,M_ForestPalette,True
Plant_TallGrass_02,Plants,96,300,0.527 x 0.404 x 1.001,M_ForestPalette,True
Plant_Cattail_02,Plants,256,300,0.615 x 0.187 x 1.371,M_ForestPalette,True
Plant_Ivy_02,Plants,72,300,0.4 x 0.126 x 1.302,M_ForestPalette,True
Flower_Daisy_Single_01,Flowers,76,150,0.163 x 0.171 x 0.294,M_ForestPalette,True
Flower_Daisy_Cluster_01,Flowers,120,150,0.32 x 0.191 x 0.334,M_ForestPalette,True
Flower_Tulip_Single_01,Flowers,70,150,0.124 x 0.127 x 0.36,M_ForestPalette,True
Flower_Tulip_Cluster_01,Flowers,100,150,0.258 x 0.135 x 0.4,M_ForestPalette,True
Flower_WildPink_Single_01,Flowers,76,150,0.163 x 0.171 x 0.294,M_ForestPalette,True
Flower_WildPink_Cluster_01,Flowers,120,150,0.32 x 0.191 x 0.334,M_ForestPalette,True
Flower_Bluebell_Single_01,Flowers,70,150,0.124 x 0.127 x 0.36,M_ForestPalette,True
Flower_Bluebell_Cluster_01,Flowers,100,150,0.258 x 0.135 x 0.4,M_ForestPalette,True
Flower_Buttercup_Single_01,Flowers,76,150,0.163 x 0.171 x 0.294,M_ForestPalette,True
Flower_Buttercup_Cluster_01,Flowers,120,150,0.32 x 0.191 x 0.334,M_ForestPalette,True
Mushroom_Small_01,Mushrooms,72,150,0.13 x 0.113 x 0.161,M_ForestPalette,True
Mushroom_Small_02,Mushrooms,72,150,0.13 x 0.113 x 0.161,M_ForestPalette,True
Mushroom_Small_03,Mushrooms,72,150,0.13 x 0.113 x 0.161,M_ForestPalette,True
Mushroom_Large_01,Mushrooms,72,150,0.4 x 0.346 x 0.496,M_ForestPalette,True
Mushroom_Large_02,Mushrooms,72,150,0.4 x 0.346 x 0.496,M_ForestPalette,True
Mushroom_Large_03,Mushrooms,72,150,0.4 x 0.346 x 0.496,M_ForestPalette,True
Mushroom_Cluster_01,Mushrooms,150,150,0.511 x 0.293 x 0.219,M_ForestPalette,True
Mushroom_Cluster_02,Mushrooms,150,150,0.511 x 0.293 x 0.219,M_ForestPalette,True
Mushroom_Cluster_03,Mushrooms,150,150,0.511 x 0.293 x 0.219,M_ForestPalette,True
Extra_LilyPad_01,Extras,36,400,0.527 x 0.543 x 0.022,M_ForestPalette,True
Extra_LeafPile_01,Extras,96,400,0.676 x 0.751 x 0.016,M_ForestPalette,True
Extra_Bridge_01,Extras,212,400,1.25 x 3.0 x 0.49,M_ForestPalette,True
Extra_Dock_01,Extras,212,400,1.65 x 2.7 x 0.49,M_ForestPalette,True
Extra_Planks_01,Extras,36,400,1.343 x 0.769 x 0.08,M_ForestPalette,True
Extra_Fence_01,Extras,96,400,1.95 x 0.24 x 1.1,M_ForestPalette,True
Extra_Signpost_01,Extras,62,400,1.0 x 0.355 x 1.6,M_ForestPalette,True
Extra_Campfire_01,Extras,220,400,1.151 x 1.149 x 0.2,M_ForestPalette,True
Extra_Tent_01,Extras,76,400,1.8 x 2.242 x 1.282,M_ForestPalette,True
Extra_Buoy_01,Extras,74,400,0.308 x 0.309 x 0.65,M_ForestPalette,True
Extra_Crate_01,Extras,44,400,0.58 x 0.575 x 0.5,M_ForestPalette,True
Extra_Bucket_01,Extras,154,400,0.42 x 0.42 x 0.532,M_ForestPalette,True
